{"cameraMode":{"drawMode":0,"name":"Shaded","section":"Shading Mode"},"sceneLighting":true,"audioPlay":false,"sceneViewState":{"showFog":true,"showMaterialUpdate":false,"showSkybox":false,"showFlares":true,"showImageEffects":true,"showParticleSystems":true},"in2DMode":false,"pivot":{"x":-0.1572723388671875,"y":48.0359001159668,"z":56.430145263671878},"rotation":{"x":0.014813938178122044,"y":-0.8278090953826904,"z":0.021883467212319375,"w":0.5603871941566467},"size":84.4179458618164,"orthographic":false}